<?xml version="1.0" encoding="UTF-8"?>
<project-private xmlns="http://www.netbeans.org/ns/project-private/1">
    <editor-bookmarks xmlns="http://www.netbeans.org/ns/editor-bookmarks/2" lastBookmarkId="0"/>
    <open-files xmlns="http://www.netbeans.org/ns/projectui-open-files/2">
        <group>
            <file>file:/C:/Users/Programmer/Desktop/BandAccountSwing/BankAccountUI/src/BankAccountUI.java</file>
            <file>file:/C:/Users/Programmer/Desktop/BandAccountSwing/BankAccountUI/src/CheckingAccount.java</file>
            <file>file:/C:/Users/Programmer/Desktop/BandAccountSwing/BankAccountUI/src/Account.java</file>
            <file>file:/C:/Users/Programmer/Desktop/BandAccountSwing/BankAccountUI/src/SavingsAccount.java</file>
            <file>file:/C:/Users/Programmer/Desktop/BandAccountSwing/BankAccountUI/src/BankUI.java</file>
            <file>file:/C:/Users/Programmer/Desktop/BandAccountSwing/BankAccountUI/src/Bank.java</file>
        </group>
    </open-files>
</project-private>
